month,platform,followers,follows,unfollows,views,reach,interactions,profile_visits,link_clicks,country_costa_rica,country_united_states,country_belgium,country_canada,country_spain,country_peru,country_nicaragua,country_brazil,country_united_kingdom,country_mexico,country_other,estimated,partial,notes
2025-08,Instagram,13866,,,7179,3600,77,397,1,66.6,14.4,2.2,1.6,1.0,1.0,1.0,0.9,0.8,0.7,9.8,yes,no,""
2025-09,Instagram,13854,18,30,30528,3100,290,343,7,66.6,14.4,2.2,1.6,1.0,1.0,1.0,0.9,0.8,0.7,9.8,yes,no,""
2025-10,Instagram,13833,78,99,28643,3500,332,393,0,66.6,14.4,2.2,1.6,1.0,1.0,1.0,0.9,0.8,0.7,9.8,yes,no,""
2025-11,Instagram,13829,85,89,35044,4800,484,382,2,66.6,14.4,2.2,1.6,1.0,1.0,1.0,0.9,0.8,0.7,9.8,yes,no,""
2025-12,Instagram,13817,62,74,25909,3100,306,320,4,66.6,14.4,2.2,1.6,1.0,1.0,1.0,0.9,0.8,0.7,9.8,yes,no,""
2026-01,Instagram,13829,93,81,24205,5900,415,510,5,66.6,14.4,2.2,1.6,1.0,1.0,1.0,0.9,0.8,0.7,9.8,yes,no,""
2026-02,Instagram,13933,180,76,38153,11300,914,595,124,66.6,14.4,2.2,1.6,1.0,1.0,1.0,0.9,0.8,0.7,9.8,yes,no,"Best growth month of the year: 180 gained, 76 lost, net +104."
2026-03,Instagram,13959,128,102,31774,10100,3400,612,317,66.6,14.4,2.2,1.6,1.0,1.0,1.0,0.9,0.8,0.7,9.8,yes,no,""
2026-04,Instagram,13957,102,104,22215,4900,523,584,45,66.6,14.4,2.2,1.6,1.0,1.0,1.0,0.9,0.8,0.7,9.8,yes,no,""
2026-05,Instagram,13910,77,124,21848,10600,464,491,147,66.6,14.4,2.2,1.6,1.0,1.0,1.0,0.9,0.8,0.7,9.8,yes,no,""
2026-06,Instagram,13951,124,83,30917,18500,507,968,650,66.6,14.4,2.2,1.6,1.0,1.0,1.0,0.9,0.8,0.7,9.8,yes,no,"Peak reach of the year (18.5K), driven by paid promotion (41% of views from ads)."
2026-07,Instagram,13976,121,96,33679,12800,971,714,178,66.6,14.4,2.2,1.6,1.0,1.0,1.0,0.9,0.8,0.7,9.8,yes,no,""
2026-08,Instagram,13949,69,96,18643,3500,562,301,1,66.6,14.4,2.2,1.6,1.0,1.0,1.0,0.9,0.8,0.7,9.8,yes,no,"Net loss of 27 followers (69 gained, 96 lost). Reach fell 73% after July's paid campaign and multi-account collab ended."
2026-09,Instagram,14035,177,91,18744,3500,492,1100,0,66.6,14.4,2.2,1.6,1.0,1.0,1.0,0.9,0.8,0.7,9.8,no,yes,"Month to date (Sep 1 to 26). Best net follower month since February: 177 gained, 91 lost, net +86. Reach (3.5K) is still far below June (18.5K, when 41% of views came from paid promotion). Engagement rate is high (14%) because the audience reached is small. Priority: recover reach without losing engagement."
